id;bio_image;bio_image_content_type;user_name;first_name;last_name;gender;birth_date;email;phone_number;preferences;rating;address
1;../fake-data/blob/hipster.png;image/png;excitedly incidentally eyeliner;Valentine;Roberts;OTHER;2025-02-13;Raymond82@hotmail.com;victorious;while;2.12;ugh
2;../fake-data/blob/hipster.png;image/png;er whenever;Kelley;Bruen;FEMALE;2025-02-12;Flossie68@gmail.com;meander across that;upbeat profitable;4.46;velocity crooked as
3;../fake-data/blob/hipster.png;image/png;consequently;Afton;Johns;MALE;2025-02-12;Bette_Schumm34@gmail.com;unethically front;fooey;3.56;yesterday director
4;../fake-data/blob/hipster.png;image/png;supposing gurn curiously;Torrance;Vandervort;FEMALE;2025-02-13;Roman93@yahoo.com;oddly unabashedly;other;4.88;indeed spattering
5;../fake-data/blob/hipster.png;image/png;where;Juston;Torphy;OTHER;2025-02-13;Frederique_Runolfsson42@yahoo.com;hm;phooey;2.04;not
6;../fake-data/blob/hipster.png;image/png;ah wisely;Julien;Sawayn;OTHER;2025-02-12;Grant52@gmail.com;shakily hurtful eventually;who hotfoot;3.72;married overvalue
7;../fake-data/blob/hipster.png;image/png;enormously as;Victor;Smitham;OTHER;2025-02-12;Sebastian.Vandervort92@hotmail.com;soon lace;dial for likely;4.84;whoever outstanding
8;../fake-data/blob/hipster.png;image/png;taxicab;Charles;Franey;OTHER;2025-02-13;Neva.Johnson@yahoo.com;burgeon orientate;righteously lawmaker prickly;3.1;but
9;../fake-data/blob/hipster.png;image/png;to ashamed;Jedediah;Robel;OTHER;2025-02-12;Rebecca89@hotmail.com;down;ugh mmm;4.16;meaningfully duh
10;../fake-data/blob/hipster.png;image/png;besides correctly eyeliner;Erna;Koelpin;FEMALE;2025-02-12;Simone22@gmail.com;defiantly;tabletop sticker absent;2.46;delightfully pish
